Metric,Value
accuracy,0.8704819277108434
macro_f1,0.8022198597415235
weighted_f1,0.8724276496235362
balanced_accuracy,0.8352078948409224